Price,Open,Close
Ticker,EURUSD=X,EURUSD=X
Date,,
2019-09-16,1.1084139347076416,1.1083402633666992
2019-09-17,1.1004005670547485,1.100594401359558
2019-09-18,1.1074320077896118,1.1074687242507935
2019-09-19,1.1031439304351807,1.1031439304351807
2019-09-20,1.1046061515808105,1.1048502922058105
2019-09-23,1.1019526720046997,1.1019041538238525
2019-09-24,1.0993722677230835,1.0993722677230835
2019-09-25,1.1015641689300537,1.1016855239868164
2019-09-26,1.0951822996139526,1.0952903032302856
2019-09-27,1.0923112630844116,1.0922753810882568
2019-09-30,1.0941636562347412,1.0942714214324951
2019-10-01,1.0899182558059692,1.0899657011032104
2019-10-02,1.0935415029525757,1.0934937000274658
2019-10-03,1.0962027311325073,1.0963709354400635
2019-10-04,1.0974900722503662,1.0975382328033447
2019-10-07,1.098659634590149,1.098659634590149
2019-10-08,1.0972732305526733,1.0972130298614502
2019-10-09,1.0960224866867065,1.0960105657577515
2019-10-10,1.098587155342102,1.0987803936004639
2019-10-11,1.1014429330825806,1.1011033058166504
2019-10-14,1.1028155088424683,1.1030004024505615
2019-10-15,1.1025844812393188,1.1029006242752075
2019-10-16,1.103399634361267,1.1034727096557617
2019-10-17,1.1074295043945312,1.107493281364441
2019-10-18,1.1127183437347412,1.1127183437347412
2019-10-21,1.1156107187271118,1.1155734062194824
2019-10-22,1.115200161933899,1.1151753664016724
2019-10-23,1.1129660606384277,1.112928867340088
2019-10-24,1.1132633686065674,1.1132385730743408
2019-10-25,1.1104449033737183,1.1103955507278442
2019-10-28,1.1084753274917603,1.1084262132644653
2019-10-29,1.1102476119995117,1.1099148988723755
2019-10-30,1.111222267150879,1.1114816665649414
2019-10-31,1.1154240369796753,1.1154489517211914
2019-11-01,1.1156107187271118,1.1157102584838867
2019-11-04,1.1169440746307373,1.1166571378707886
2019-11-05,1.1128298044204712,1.1128545999526978
2019-11-06,1.107444167137146,1.107419729232788
2019-11-07,1.1070642471313477,1.1070396900177002
2019-11-08,1.103460431098938,1.1019697189331055
2019-11-11,1.102280616760254,1.102244257926941
2019-11-12,1.1034847497940063,1.1035456657409668
2019-11-13,1.1012123823165894,1.1012367010116577
2019-11-14,1.1008729934692383,1.1013215780258179
2019-11-15,1.102292776107788,1.1020498275756836
2019-11-18,1.1053999662399292,1.105509877204895
2019-11-19,1.1072235107421875,1.1072357892990112
2019-11-20,1.108033299446106,1.1080001592636108
2019-11-21,1.107898235321045,1.1078859567642212
2019-11-22,1.1065618991851807,1.1065863370895386
2019-11-25,1.1024142503738403,1.1022562980651855
2019-11-26,1.1012003421783447,1.1014429330825806
2019-11-27,1.1022076606750488,1.1022562980651855
2019-11-28,1.1006064414978027,1.1004853248596191
2019-11-29,1.1011276245117188,1.101176142692566
2019-12-02,1.1017705202102661,1.1019041538238525
2019-12-03,1.1076037883758545,1.1079105138778687
2019-12-04,1.1081806421279907,1.1085245609283447
2019-12-05,1.1082665920257568,1.108303427696228
2019-12-06,1.1104201078414917,1.1105434894561768
2019-12-09,1.105780005455017,1.105888843536377
2019-12-10,1.1064517498016357,1.106499433517456
2019-12-11,1.109385371208191,1.1092746257781982
2019-12-12,1.1133253574371338,1.1135857105255127
2019-12-13,1.1183431148529053,1.1186057329177856
2019-12-16,1.1125203371047974,1.1124460697174072
2019-12-17,1.113709807395935,1.1136974096298218
2019-12-18,1.1151504516601562,1.115138053894043
2019-12-19,1.1115927696228027,1.1115927696228027
2019-12-20,1.112371802330017,1.1125946044921875
2019-12-23,1.1079840660095215,1.1079840660095215
2019-12-24,1.1092993021011353,1.109385371208191
2019-12-25,1.109139323234558,1.1090162992477417
2019-12-26,1.1095085144042969,1.1095454692840576
2019-12-27,1.1101243495941162,1.110111951828003
2019-12-30,1.1181554794311523,1.1182304620742798
2019-12-31,1.1204482316970825,1.120229721069336
2020-01-01,1.1220825910568237,1.1220825910568237
2020-01-02,1.1218937635421753,1.1220825910568237
2020-01-03,1.1170812845230103,1.1171437501907349
2020-01-06,1.1162458658218384,1.1161960363388062
2020-01-07,1.1195825338363647,1.1197994947433472
2020-01-08,1.1155734062194824,1.1154738664627075
2020-01-09,1.1114444732666016,1.1113210916519165
2020-01-10,1.1109259128570557,1.1111111640930176
2020-01-13,1.1116546392440796,1.1116669178009033
2020-01-14,1.1134493350982666,1.1135733127593994
2020-01-15,1.1129660606384277,1.113089919090271
2020-01-16,1.1152697801589966,1.1154004335403442
2020-01-17,1.113800287246704,1.1139578819274902
2020-01-20,1.1095207929611206,1.1094592809677124
2020-01-21,1.1096439361572266,1.109693169593811
2020-01-22,1.1085859537124634,1.108561396598816
2020-01-23,1.1097548007965088,1.1096439361572266
2020-01-24,1.105534315109253,1.1055220365524292
2020-01-27,1.1026331186294556,1.1025358438491821
2020-01-28,1.1019648313522339,1.101976990699768
2020-01-29,1.102292776107788,1.1022562980651855
2020-01-30,1.101406455039978,1.1016855239868164
2020-01-31,1.1028763055801392,1.1029127836227417
2020-02-03,1.108905553817749,1.1089794635772705
2020-02-04,1.1062926054000854,1.1062926054000854
2020-02-05,1.104472041130066,1.1047282218933105
2020-02-06,1.1000494956970215,1.1002310514450073
2020-02-07,1.0981045961380005,1.0982975959777832
2020-02-10,1.0948705673217773,1.0949305295944214
2020-02-11,1.091226577758789,1.0913456678390503
2020-02-12,1.0921800136566162,1.091941475868225
2020-02-13,1.0876421928405762,1.0875948667526245
2020-02-14,1.0845986604690552,1.0845986604690552
2020-02-17,1.0840578079223633,1.0841753482818604
2020-02-18,1.0837054252624512,1.0840108394622803
2020-02-19,1.0794706344604492,1.079540491104126
2020-02-20,1.080964207649231,1.081009864807129
2020-02-21,1.078771948814392,1.078799843788147
2020-02-24,1.0838581323623657,1.0839051008224487
2020-02-25,1.084904670715332,1.0849199295043945
2020-02-26,1.0881001949310303,1.0881996154785156
2020-02-27,1.088565707206726,1.0885894298553467
2020-02-28,1.0995535850524902,1.0997228622436523
2020-03-02,1.1052532196044922,1.1051311492919922
2020-03-03,1.1144297122955322,1.1144047975540161
2020-03-04,1.1177304983139038,1.118067979812622
2020-03-05,1.113908290863037,1.113908290863037
2020-03-06,1.1223849058151245,1.1223849058151245
2020-03-09,1.1386150121688843,1.1386020183563232
2020-03-10,1.1397439241409302,1.1397960186004639
2020-03-11,1.1316184997558594,1.1316505670547485
2020-03-12,1.1260753870010376,1.1261515617370605
2020-03-13,1.118355631828308,1.1184931993484497
2020-03-16,1.1159594058990479,1.115536093711853
2020-03-17,1.1163331270217896,1.1163206100463867
2020-03-18,1.1016855239868164,1.101552128791809
2020-03-19,1.0943433046340942,1.0961546897888184
2020-03-20,1.0658481121063232,1.0657345056533813
2020-03-23,1.0687528848648071,1.0694386959075928
2020-03-24,1.0764726400375366,1.0764610767364502
2020-03-25,1.0801235437393188,1.080263614654541
2020-03-26,1.0887553691864014,1.0889569520950317
2020-03-27,1.1046184301376343,1.1048258543014526
2020-03-30,1.1135361194610596,1.113908290863037
2020-03-31,1.1028398275375366,1.1030466556549072
2020-04-01,1.1028155088424683,1.102657437324524
2020-04-02,1.0950982570648193,1.0953621864318848
2020-04-03,1.084386944770813,1.0847399234771729
2020-04-06,1.0808240175247192,1.0806955099105835
2020-04-07,1.0801936388015747,1.0803803205490112
2020-04-08,1.0894314050674438,1.0895144939422607
2020-04-09,1.0861183404922485,1.0863661766052246
2020-04-10,1.0925976037979126,1.0927408933639526
2020-04-13,1.093135118484497,1.0932666063308716
2020-04-14,1.0919533967971802,1.0922993421554565
2020-04-15,1.0982372760772705,1.098538875579834
2020-04-16,1.0903817415237427,1.0905101299285889
2020-04-17,1.0860122442245483,1.0858471393585205
2020-04-20,1.0866258144378662,1.0866966247558594
2020-04-21,1.0863542556762695,1.0864840745925903
2020-04-22,1.0857409238815308,1.0856467485427856
2020-04-23,1.0806838274002075,1.080964207649231
2020-04-24,1.0776326656341553,1.077702283859253
2020-04-27,1.08236825466156,1.08236825466156
2020-04-28,1.0827198028564453,1.0824854373931885
2020-04-29,1.0832358598709106,1.0836584568023682
2020-04-30,1.0876659154891968,1.087725043296814
2020-05-01,1.0944750308990479,1.094546914100647
2020-05-04,1.0957462787628174,1.0959625244140625
2020-05-05,1.090453028678894,1.0904293060302734
2020-05-06,1.0840108394622803,1.0838581323623657
2020-05-07,1.0800535678863525,1.0798553228378296
2020-05-08,1.0836936235427856,1.0837171077728271
2020-05-11,1.0840108394622803,1.0839520692825317
2020-05-12,1.080917477607727,1.080940842628479
2020-05-13,1.0846339464187622,1.0846810340881348
2020-05-14,1.0821925401687622,1.08236825466156
2020-05-15,1.0806254148483276,1.0806955099105835
2020-05-18,1.081946611404419,1.0821340084075928
2020-05-19,1.0915838479995728,1.0915124416351318
2020-05-20,1.0930156707763672,1.0927767753601074
2020-05-21,1.0979359149932861,1.0982975959777832
2020-05-22,1.0952422618865967,1.0952903032302856
2020-05-25,1.0909050703048706,1.0907801389694214
2020-05-26,1.0901083946228027,1.0902997255325317
2020-05-27,1.098056435585022,1.0981770753860474
2020-05-28,1.1015278100967407,1.1016855239868164
2020-05-29,1.1078122854232788,1.1079105138778687
2020-06-01,1.1114568710327148,1.1118524074554443
2020-06-02,1.1125574111938477,1.1125946044921875
2020-06-03,1.1185681819915771,1.118943691253662
2020-06-04,1.123721718788147,1.1235954761505127
2020-06-05,1.1337226629257202,1.1337867975234985
2020-06-08,1.1316057443618774,1.1319515705108643
2020-06-09,1.1302883625030518,1.1305567026138306
2020-06-10,1.1334141492843628,1.1332215070724487
2020-06-11,1.1368675231933594,1.1365444660186768
2020-06-12,1.1289358139038086,1.1288082599639893
2020-06-15,1.1254163980484009,1.1252011060714722
2020-06-16,1.13379967212677,1.1337740421295166
2020-06-17,1.12649405002594,1.1265701055526733
2020-06-18,1.1241259574890137,1.1242902278900146
2020-06-19,1.1207244396209717,1.1211000680923462
2020-06-22,1.1179429292678833,1.1177555322647095
2020-06-23,1.1277135610580444,1.1279679536819458
2020-06-24,1.1313625574111938,1.1312345266342163
2020-06-25,1.1251378059387207,1.1250872611999512
2020-06-26,1.1220825910568237,1.1222084760665894
2020-06-29,1.1224100589752197,1.1225864887237549
2020-06-30,1.124707579612732,1.1247202157974243
2020-07-01,1.123368263244629,1.1235954761505127
2020-07-02,1.1253403425216675,1.1251378059387207
2020-07-03,1.123974323272705,1.1237848997116089
2020-07-06,1.1248847246170044,1.1247202157974243
2020-07-07,1.131029725074768,1.1312856674194336
2020-07-08,1.1272813081741333,1.1275228261947632
2020-07-09,1.1337867975234985,1.1339154243469238
2020-07-10,1.1289230585098267,1.1287955045700073
2020-07-13,1.1308763027191162,1.1310042142868042
2020-07-14,1.1345844268798828,1.134549617767334
2020-07-15,1.1410835981369019,1.1410704851150513
2020-07-16,1.1417349576950073,1.1417193412780762
2020-07-17,1.1386499404907227,1.139211654663086
2020-07-20,1.1439553499221802,1.1442956924438477
2020-07-21,1.1457641124725342,1.1458691358566284
2020-07-22,1.1535090208053589,1.15340256690979
2020-07-23,1.156671166419983,1.1568717956542969
2020-07-24,1.1595009565353394,1.1596084833145142
2020-07-27,1.1652567386627197,1.1652567386627197
2020-07-28,1.1766505241394043,1.1769275665283203
2020-07-29,1.17205810546875,1.171879529953003
2020-07-30,1.1786893606185913,1.1782865524291992
2020-07-31,1.1873664855957031,1.1872254610061646
2020-08-03,1.1784114837646484,1.1782310009002686
2020-08-04,1.1760554313659668,1.1763322353363037
2020-08-05,1.1814883947372437,1.181544303894043
2020-08-06,1.1873664855957031,1.187281847000122
2020-08-07,1.1875073909759521,1.1876484155654907
2020-08-10,1.1782448291778564,1.1782727241516113
2020-08-11,1.1737639904022217,1.1737778186798096
2020-08-12,1.1739845275878906,1.1736538410186768
2020-08-13,1.1796486377716064,1.179380178451538
2020-08-14,1.1818934679031372,1.1816558837890625
2020-08-17,1.185044765472412,1.1852554082870483
2020-08-18,1.187930703163147,1.1876484155654907
2020-08-19,1.1947288513183594,1.1947859525680542
2020-08-20,1.184174656867981,1.1843500137329102
2020-08-21,1.1870845556259155,1.1873664855957031
2020-08-24,1.1799131631851196,1.1798018217086792
2020-08-25,1.1795234680175781,1.1794538497924805
2020-08-26,1.1833338737487793,1.183501958847046
2020-08-27,1.1840205192565918,1.1842728853225708
2020-08-28,1.1820470094680786,1.1819632053375244
2020-08-31,1.1916537284851074,1.1918240785598755
2020-09-01,1.1939157247543335,1.193901538848877
2020-09-02,1.1923072338104248,1.1923214197158813
2020-09-03,1.1845955848693848,1.184735894203186
2020-09-04,1.184370994567871,1.1839784383773804
2020-09-07,1.183656096458435,1.183445930480957
2020-09-08,1.181921362876892,1.1821727752685547
2020-09-09,1.1769136190414429,1.177024483680725
2020-09-10,1.1806375980377197,1.1806375980377197
2020-09-11,1.1826202869415283,1.1824384927749634
2020-09-14,1.184356927871704,1.1842728853225708
2020-09-15,1.186690092086792,1.187000036239624
2020-09-16,1.1842728853225708,1.1844412088394165
2020-09-17,1.1804285049438477,1.1803449392318726
2020-09-18,1.1852554082870483,1.1848200559616089
2020-09-21,1.1845533847808838,1.1845533847808838
2020-09-22,1.1761800050735474,1.176800012588501
2020-09-23,1.1707545518875122,1.1708368062973022
2020-09-24,1.1661943197250366,1.1658544540405273
2020-09-25,1.1673650741577148,1.1673243045806885
2020-09-28,1.1635076999664307,1.1635348796844482
2020-09-29,1.1677740812301636,1.167883276939392
2020-09-30,1.1742740869522095,1.1742050647735596
2020-10-01,1.1723741292953491,1.1726078987121582
2020-10-02,1.1744118928909302,1.1744946241378784
2020-10-05,1.172195553779602,1.1720443964004517
2020-10-06,1.178828239440918,1.1792453527450562
2020-10-07,1.173736572265625,1.1737639904022217
2020-10-08,1.1765536069869995,1.176747441291809
2020-10-09,1.1767059564590454,1.1767003536224365
2020-10-12,1.1813349723815918,1.181683897972107
2020-10-13,1.1814186573028564,1.1816140413284302
2020-10-14,1.1743981838226318,1.1742188930511475
2020-10-15,1.1747568845748901,1.1743981838226318
2020-10-16,1.1705764532089233,1.1707134246826172
2020-10-19,1.1715638637542725,1.1715501546859741
2020-10-20,1.1768028736114502,1.176885962486267
2020-10-21,1.1829279661178589,1.1829839944839478
2020-10-22,1.1851290464401245,1.1853959560394287
2020-10-23,1.181404709815979,1.1815024614334106
2020-10-26,1.1848341226577759,1.1848480701446533
2020-10-27,1.1809443235397339,1.1809443235397339
2020-10-28,1.17816162109375,1.1784114837646484
2020-10-29,1.1747430562973022,1.1748672723770142
2020-10-30,1.1676785945892334,1.1678695678710938
2020-11-02,1.164252758026123,1.1642121076583862
2020-11-03,1.1642799377441406,1.1642799377441406
2020-11-04,1.1764568090438843,1.176221489906311
2020-11-05,1.1729930639266968,1.17326819896698
2020-11-06,1.1814186573028564,1.1817537546157837
2020-11-09,1.1893151998519897,1.1893010139465332
2020-11-10,1.1823265552520752,1.182732105255127
2020-11-11,1.1819632053375244,1.1818794012069702
2020-11-12,1.1778701543807983,1.1780297756195068
2020-11-13,1.1805260181427002,1.1803393363952637
2020-11-16,1.1844271421432495,1.1845253705978394
2020-11-17,1.1859723329544067,1.1859441995620728
2020-11-18,1.186436653137207,1.186366319656372
2020-11-19,1.1842869520187378,1.1847639083862305
2020-11-20,1.1867464780807495,1.1866477727890015
2020-11-23,1.1865352392196655,1.1866477727890015
2020-11-24,1.1841803789138794,1.1842728853225708
2020-11-25,1.1900511980056763,1.1900511980056763
2020-11-26,1.1917530298233032,1.1920002698898315
2020-11-27,1.1911852359771729,1.191599726676941
2020-11-30,1.197074294090271,1.1971460580825806
2020-12-01,1.1937732696533203,1.193816065788269
2020-12-02,1.2069860696792603,1.2074378728866577
2020-12-03,1.2113430500030518,1.2114603519439697
2020-12-04,1.2145354747772217,1.2145650386810303
2020-12-07,1.2120624780654907,1.212135910987854
2020-12-08,1.2109469175338745,1.2113136053085327
2020-12-09,1.2109909057617188,1.2110936641693115
2020-12-10,1.2081671953201294,1.207875370979309
2020-12-11,1.214343786239624,1.2144293785095215
2020-12-14,1.213356614112854,1.213340401649475
2020-12-15,1.2148748636245728,1.214889645576477
2020-12-16,1.215376853942871,1.2154301404953003
2020-12-17,1.219705581665039,1.2199585437774658
2020-12-18,1.2261964082717896,1.226271629333496
2020-12-21,1.221060872077942,1.221612811088562
2020-12-22,1.2238404750823975,1.2236906290054321
2020-12-23,1.2185908555984497,1.2186651229858398
2020-12-24,1.219393253326416,1.2191405296325684
2020-12-25,1.2184720039367676,1.2184720039367676
2020-12-28,1.220703125,1.2205095291137695
2020-12-29,1.2220009565353394,1.2223445177078247
2020-12-30,1.2253249883651733,1.225295066833496
2020-12-31,1.229906439781189,1.2299896478652954
2021-01-01,1.217285394668579,1.218026876449585
2021-01-04,1.2249047756195068,1.2250697612762451
2021-01-05,1.225295066833496,1.2251598834991455
2021-01-06,1.2298610210418701,1.230027437210083
2021-01-07,1.2337758541107178,1.2341108322143555
2021-01-08,1.2268733978271484,1.227144479751587
2021-01-11,1.2187838554382324,1.2186205387115479
2021-01-12,1.2161602973937988,1.2160701751708984
2021-01-13,1.2209266424179077,1.2208894491195679
2021-01-14,1.2161750793457031,1.2162491083145142
2021-01-15,1.2153000831604004,1.2151259183883667
2021-01-18,1.206723928451538,1.2068113088607788
2021-01-19,1.2078461647033691,1.207729458808899
2021-01-20,1.2139458656311035,1.2138868570327759
2021-01-21,1.211533784866333,1.2115631103515625
2021-01-22,1.2166190147399902,1.2166293859481812
2021-01-25,1.2168558835983276,1.216944694519043
2021-01-26,1.2143291234970093,1.214624047279358
2021-01-27,1.2163230180740356,1.216299295425415
2021-01-28,1.2104778289794922,1.2105072736740112
2021-01-29,1.212135910987854,1.2120037078857422
2021-02-01,1.2122827768325806,1.2123857736587524
2021-02-02,1.2067675590515137,1.2068694829940796
2021-02-03,1.203905463218689,1.203905463218689
2021-02-04,1.2041809558868408,1.2042388916015625
2021-02-05,1.1967447996139526,1.1966731548309326
2021-02-08,1.2049354314804077,1.2048773765563965
2021-02-09,1.2052549123764038,1.2053595781326294
2021-02-10,1.2116951942443848,1.2119992971420288
2021-02-11,1.2119449377059937,1.2121212482452393
2021-02-12,1.213003396987915,1.2131506204605103
2021-02-15,1.212106466293335,1.2122093439102173
2021-02-16,1.2132388353347778,1.2132196426391602
2021-02-17,1.2088537216186523,1.2092483043670654
2021-02-18,1.2045869827270508,1.2048004865646362
2021-02-19,1.2091752290725708,1.209189772605896
2021-02-22,1.212444543838501,1.2126356363296509
2021-02-23,1.2166930437088013,1.2166796922683716
2021-02-24,1.2151997089385986,1.215214490890503
2021-02-25,1.2169506549835205,1.2171372175216675
2021-02-26,1.2160124778747559,1.2160420417785645
2021-03-01,1.2090904712677002,1.208956003189087
2021-03-02,1.2049063444137573,1.2051095962524414
2021-03-03,1.208503007888794,1.208546757698059
2021-03-04,1.204833745956421,1.2050660848617554
2021-03-05,1.196859359741211,1.1967735290527344
2021-03-08,1.1924636363983154,1.1925631761550903
2021-03-09,1.18519926071167,1.185171127319336
2021-03-10,1.189668893814087,1.1897906064987183
2021-03-11,1.1927480697631836,1.1926058530807495
2021-03-12,1.198164463043213,1.1986095905303955
2021-03-15,1.1951143741607666,1.1950000524520874
2021-03-16,1.192733883857727,1.1925773620605469
2021-03-17,1.1902097463607788,1.190164566040039
2021-03-18,1.198063850402832,1.1982792615890503
2021-03-19,1.1917673349380493,1.1918240785598755
2021-03-22,1.188452959060669,1.1883116960525513
2021-03-23,1.1933317184448242,1.193303108215332
2021-03-24,1.184118628501892,1.1840205192565918
2021-03-25,1.1813768148422241,1.1813069581985474
2021-03-26,1.1776067018508911,1.1776621341705322
2021-03-29,1.1787601709365845,1.1788004636764526
2021-03-30,1.1769136190414429,1.177100658416748
2021-03-31,1.172333002090454,1.1723604202270508
2021-04-01,1.1728966236114502,1.1728830337524414
2021-04-02,1.177773118019104,1.177994966506958
2021-04-05,1.1766366958618164,1.176816701889038
2021-04-06,1.181907296180725,1.1818934679031372
2021-04-07,1.1875497102737427,1.1874228715896606
2021-04-08,1.187197208404541,1.1873664855957031
2021-04-09,1.1915684938430786,1.1915684938430786
2021-04-12,1.1896406412124634,1.1900511980056763
2021-04-13,1.191213607788086,1.1914690732955933
2021-04-14,1.1957430839538574,1.1954143047332764
2021-04-15,1.1982362270355225,1.1986095905303955
2021-04-16,1.197074294090271,1.1971746683120728
2021-04-19,1.1968307495117188,1.1969454288482666
2021-04-20,1.2043839693069458,1.204529047012329
2021-04-21,1.2032536268234253,1.2032392024993896
2021-04-22,1.203818440437317,1.2037750482559204
2021-04-23,1.2017930746078491,1.2014753818511963
2021-04-26,1.208956003189087,1.2089852094650269
2021-04-27,1.2079205513000488,1.2081671953201294
2021-04-28,1.2088537216186523,1.2090305089950562
2021-04-29,1.2135775089263916,1.213592290878296
2021-04-30,1.2124886512756348,1.2127091884613037
2021-05-03,1.2026457786560059,1.2027760744094849
2021-05-04,1.2059816122055054,1.2061271667480469
2021-05-05,1.2016342878341675,1.2015043497085571
2021-05-06,1.2009127140045166,1.2007973194122314
2021-05-07,1.2065927982330322,1.2068549394607544
2021-05-10,1.2167521715164185,1.2171076536178589
2021-05-11,1.214211106300354,1.2140932083129883
2021-05-12,1.214550256729126,1.2144500017166138
2021-05-13,1.2076857089996338,1.2078505754470825
2021-05-14,1.2080212831497192,1.207729458808899
2021-05-17,1.2147568464279175,1.2150373458862305
2021-05-18,1.215524673461914,1.2156872749328613
2021-05-19,1.2226433753967285,1.2223997116088867
2021-05-20,1.217285394668579,1.217285394668579
2021-05-21,1.2227928638458252,1.222538709640503
2021-05-24,1.2181158065795898,1.2183235883712769
2021-05-25,1.2214486598968506,1.2214635610580444
2021-05-26,1.2248897552490234,1.2249093055725098
2021-05-27,1.2190364599227905,1.21925950050354
2021-05-28,1.2192742824554443,1.2193188667297363
2021-05-31,1.2190067768096924,1.2190067768096924
2021-06-01,1.223406195640564,1.223286509513855
2021-06-02,1.2218068838119507,1.2217769622802734
2021-06-03,1.2211503982543945,1.220986247062683
2021-06-04,1.2130298614501953,1.2133007049560547
2021-06-07,1.2165746688842773,1.2168411016464233
2021-06-08,1.2189621925354004,1.2193634510040283
2021-06-09,1.2171818017959595,1.217285394668579
2021-06-10,1.217730164527893,1.218200445175171
2021-06-11,1.2173150777816772,1.2172558307647705
2021-06-14,1.2110790014266968,1.2110203504562378
2021-06-15,1.212415099143982,1.212224006652832
2021-06-16,1.2125474214553833,1.2127091884613037
2021-06-17,1.199184536933899,1.1995586156845093
2021-06-18,1.1913270950317383,1.1913414001464844
2021-06-21,1.186901330947876,1.1873664855957031
2021-06-22,1.1911568641662598,1.1912561655044556
2021-06-23,1.1937447786331177,1.1936734914779663
2021-06-24,1.1931607723236084,1.1933174133300781
2021-06-25,1.1927907466888428,1.1930327415466309
2021-06-28,1.1942152976989746,1.1942152976989746
2021-06-29,1.1930327415466309,1.1928904056549072
2021-06-30,1.18999445438385,1.1901928186416626
2021-07-01,1.1855363845825195,1.1856770515441895
2021-07-02,1.184707760810852,1.1846235990524292
2021-07-05,1.1855926513671875,1.1856207847595215
2021-07-06,1.1861495971679688,1.186380386352539
2021-07-07,1.1820330619812012,1.1824523210525513
2021-07-08,1.179356575012207,1.17933988571167
2021-07-09,1.1846938133239746,1.184800386428833
2021-07-12,1.1873664855957031,1.187295913696289
2021-07-13,1.1864930391311646,1.186521053314209
2021-07-14,1.1774401664733887,1.1775373220443726
2021-07-15,1.1833338737487793,1.1833338737487793
2021-07-16,1.1813069581985474,1.1811814308166504
2021-07-19,1.1811535358428955,1.1814005374908447
2021-07-20,1.1792453527450562,1.1793843507766724
2021-07-21,1.178550362586975,1.1784114837646484
2021-07-22,1.1795234680175781,1.179273009300232
2021-07-23,1.1773570775985718,1.1772738695144653
2021-07-26,1.1773016452789307,1.1773432493209839
2021-07-27,1.1806375980377197,1.1807769536972046
2021-07-28,1.1822398900985718,1.1823126077651978
2021-07-29,1.1846797466278076,1.1845955848693848
2021-07-30,1.189202070236206,1.1892997026443481
2021-08-02,1.1865352392196655,1.186704158782959
2021-08-03,1.1874933242797852,1.1874650716781616
2021-08-04,1.186915397644043,1.1869436502456665
2021-08-05,1.1839923858642578,1.1837401390075684
2021-08-06,1.1833199262619019,1.1835720539093018
2021-08-09,1.1750881671905518,1.1749500036239624
2021-08-10,1.1739004850387573,1.17384672164917
2021-08-11,1.1719757318496704,1.172333002090454
2021-08-12,1.1742050647735596,1.1741899251937866
2021-08-13,1.1736124753952026,1.173626184463501
2021-08-16,1.179634690284729,1.179467797279358
2021-08-17,1.177994966506958,1.177994966506958
2021-08-18,1.1709601879119873,1.1709738969802856
2021-08-19,1.1703845262527466,1.1703298091888428
2021-08-20,1.1676785945892334,1.1676595211029053
2021-08-23,1.1699738502502441,1.1697548627853394
2021-08-24,1.1746740341186523,1.1744533777236938
2021-08-25,1.1755025386810303,1.175309181213379
2021-08-26,1.177300214767456,1.1774401664733887
2021-08-27,1.175295352935791,1.1756407022476196
2021-08-30,1.1799967288970947,1.1799006462097168
2021-08-31,1.179940938949585,1.1796904802322388
2021-09-01,1.1811953783035278,1.1810280084609985
2021-09-02,1.1842306852340698,1.1840906143188477
2021-09-03,1.1874228715896606,1.1876484155654907
2021-09-06,1.1885942220687866,1.1885942220687866
2021-09-07,1.187394618988037,1.1875073909759521
2021-09-08,1.1845533847808838,1.184356927871704
2021-09-09,1.1820330619812012,1.1819101572036743
2021-09-10,1.1823545694351196,1.1825922727584839
2021-09-13,1.1812511682510376,1.1811953783035278
2021-09-14,1.1810698509216309,1.1811953783035278
2021-09-15,1.18035888671875,1.1804981231689453
2021-09-16,1.1819353103637695,1.1819995641708374
2021-09-17,1.17648446559906,1.176747441291809
2021-09-20,1.1728830337524414,1.1729930639266968
2021-09-21,1.1725666522979736,1.1730204820632935
2021-09-22,1.1726078987121582,1.17229163646698
2021-09-23,1.1688934564590454,1.168770432472229
2021-09-24,1.1741775274276733,1.1740258932113647
2021-09-27,1.1722092628479004,1.1723054647445679
2021-09-28,1.1696043014526367,1.1696795225143433
2021-09-29,1.168688416481018,1.1686338186264038
2021-09-30,1.1602274179458618,1.1601601839065552
2021-10-01,1.1574207544326782,1.1574475765228271
2021-10-04,1.160725712776184,1.160725712776184
2021-10-05,1.1616560220718384,1.1618449687957764
2021-10-06,1.1595144271850586,1.1596084833145142
2021-10-07,1.1555349826812744,1.1555349826812744
2021-10-08,1.1559224128723145,1.1559758186340332
2021-10-11,1.1565908193588257,1.1566041707992554
2021-10-12,1.15529465675354,1.1553747653961182
2021-10-13,1.1530966758728027,1.15340256690979
2021-10-14,1.1599582433700562,1.1599582433700562
2021-10-15,1.1590708494186401,1.159151554107666
2021-10-18,1.159595012664795,1.1597026586532593
2021-10-19,1.1614537239074707,1.161386251449585
2021-10-20,1.1633858680725098,1.1631964445114136
2021-10-21,1.165243148803711,1.1655012369155884
2021-10-22,1.1625880002975464,1.1625338792800903
2021-10-25,1.1641308069229126,1.1640088558197021
2021-10-26,1.161170482635498,1.161170482635498
2021-10-27,1.1598236560821533,1.1598236560821533
2021-10-28,1.1598910093307495,1.1600120067596436
2021-10-29,1.1683744192123413,1.1683608293533325
2021-11-01,1.1559356451034546,1.1556684970855713
2021-11-02,1.1601735353469849,1.1599582433700562
2021-11-03,1.158077597618103,1.1579434871673584
2021-11-04,1.1615750789642334,1.1615750789642334
2021-11-05,1.1556684970855713,1.1555349826812744
2021-11-08,1.1568450927734375,1.1568851470947266
2021-11-09,1.1588693857192993,1.159151554107666
2021-11-10,1.159366488456726,1.1595547199249268
2021-11-11,1.1485671997070312,1.148593544960022
2021-11-12,1.1447803974151611,1.145081877708435
2021-11-15,1.1442302465438843,1.144164800643921
2021-11-16,1.1367381811141968,1.1366478204727173
2021-11-17,1.1316184997558594,1.1321182250976562
2021-11-18,1.1318106651306152,1.1321182250976562
2021-11-19,1.1370097398757935,1.1368415355682373
2021-11-22,1.1275737285614014,1.1275737285614014
2021-11-23,1.1243535280227661,1.12421452999115
2021-11-24,1.1243914365768433,1.1244926452636719
2021-11-25,1.1206992864608765,1.1202975511550903
2021-11-26,1.1209003925323486,1.1209630966186523
2021-11-29,1.1291142702102661,1.1293182373046875
2021-11-30,1.1293565034866333,1.1293437480926514
2021-12-01,1.1330032348632812,1.1330289840698242
2021-12-02,1.1319644451141357,1.1319515705108643
2021-12-03,1.130684494972229,1.1306205987930298
2021-12-06,1.1302627325057983,1.1304799318313599
2021-12-07,1.1284515857696533,1.128668189048767
2021-12-08,1.1273066997528076,1.1276500225067139
2021-12-09,1.1344043016433716,1.1345586776733398
2021-12-10,1.129407525062561,1.1293309926986694
2021-12-13,1.1311193704605103,1.131183385848999
2021-12-14,1.1283371448516846,1.1285407543182373
2021-12-15,1.1258726119995117,1.1261261701583862
2021-12-16,1.1293054819107056,1.1290758848190308
2021-12-17,1.1335426568984985,1.1334141492843628
2021-12-20,1.1242523193359375,1.1243535280227661
2021-12-21,1.1276754140853882,1.1277517080307007
2021-12-22,1.1290504932403564,1.128757357597351
2021-12-23,1.1330161094665527,1.1328877210617065
2021-12-24,1.1324644088745117,1.132733702659607
2021-12-27,1.132387399673462,1.1324259042739868
2021-12-28,1.1329776048660278,1.1330032348632812
2021-12-29,1.1313369274139404,1.1314777135849
2021-12-30,1.1359764337539673,1.1360150575637817
2021-12-31,1.1323232650756836,1.132502794265747
2022-01-03,1.1373846530914307,1.1373459100723267
2022-01-04,1.1301988363265991,1.1302244663238525
2022-01-05,1.1285407543182373,1.1283625364303589
2022-01-06,1.1312217712402344,1.1313496828079224
2022-01-07,1.129586100578308,1.1296881437301636
2022-01-10,1.135344386100769,1.1353960037231445
2022-01-11,1.1332728862762451,1.1330417394638062
2022-01-12,1.1370097398757935,1.1366478204727173
2022-01-13,1.1439814567565918,1.144164800643921
2022-01-14,1.14565908908844,1.1457115411758423
2022-01-17,1.1412137746810913,1.1410704851150513
2022-01-18,1.141291856765747,1.1410574913024902
2022-01-19,1.1330032348632812,1.1329647302627563
2022-01-20,1.134352684020996,1.1343399286270142
2022-01-21,1.1315417289733887,1.1313753128051758
2022-01-24,1.1340954303741455,1.1341469287872314
2022-01-25,1.132387399673462,1.1324130296707153
2022-01-26,1.130352258682251,1.130454421043396
2022-01-27,1.1242270469665527,1.1243535280227661
2022-01-28,1.1146159172058105,1.1147029399871826
2022-01-31,1.115138053894043,1.1152374744415283
2022-02-01,1.12291419506073,1.12296462059021
2022-02-02,1.1273066997528076,1.1273956298828125
2022-02-03,1.1299946308135986,1.1299946308135986
2022-02-04,1.1435105800628662,1.14357590675354
2022-02-07,1.1454622745513916,1.145514726638794
2022-02-08,1.144086241722107,1.1442956924438477
2022-02-09,1.1421130895614624,1.142126202583313
2022-02-10,1.142126202583313,1.142152190208435
2022-02-11,1.1411746740341187,1.1415525674819946
2022-02-14,1.1365832090377808,1.1365057229995728
2022-02-15,1.1306078433990479,1.1306334733963013
2022-02-16,1.135563611984253,1.1356796026229858
2022-02-17,1.1373329162597656,1.1375269889831543
2022-02-18,1.1363893747329712,1.1366478204727173
2022-02-21,1.131733775138855,1.131721019744873
2022-02-22,1.1309658288955688,1.1309658288955688
2022-02-23,1.1330546140670776,1.13291335105896
2022-02-24,1.1305949687957764,1.1305694580078125
2022-02-25,1.1190814971923828,1.11906898021698
2022-02-28,1.118105411529541,1.118105411529541
2022-03-01,1.1214659214019775,1.1215918064117432
2022-03-02,1.1131023168563843,1.1132758855819702
2022-03-03,1.1113580465316772,1.1112345457077026
2022-03-04,1.1069294214248657,1.1066844463348389
2022-03-07,1.087393879890442,1.087453007698059
2022-03-08,1.08695650100708,1.0865312814712524
2022-03-09,1.0900845527648926,1.0898232460021973
2022-03-10,1.1073338985443115,1.107382893562317
2022-03-11,1.1012123823165894,1.1013944149017334
2022-03-14,1.0932546854019165,1.093206763267517
2022-03-15,1.094534993171692,1.0943193435668945
2022-03-16,1.0967316627502441,1.0969363451004028
2022-03-17,1.102244257926941,1.1021955013275146
2022-03-18,1.1098902225494385,1.1099518537521362
2022-03-21,1.1042159795761108,1.1043134927749634
2022-03-22,1.1016370058059692,1.101722002029419
2022-03-23,1.1030100584030151,1.1029735803604126
2022-03-24,1.1006306409835815,1.1006306409835815
2022-03-25,1.100897192955017,1.1009578704833984
2022-03-28,1.098189115524292,1.098189115524292
2022-03-29,1.0993843078613281,1.0993843078613281
2022-03-30,1.1091516017913818,1.1091516017913818
2022-03-31,1.1161835193634033,1.1161835193634033
2022-04-01,1.1072357892990112,1.1072357892990112
2022-04-04,1.1047282218933105,1.1047282218933105
2022-04-05,1.0975863933563232,1.0975863933563232
2022-04-06,1.090643286705017,1.090643286705017
2022-04-07,1.0898232460021973,1.0898232460021973
2022-04-08,1.0864840745925903,1.0864840745925903
2022-04-11,1.0884946584701538,1.0884946584701538
2022-04-12,1.0877959728240967,1.0877959728240967
2022-04-13,1.0826143026351929,1.0826143026351929
2022-04-14,1.089656949043274,1.089656949043274
2022-04-15,1.0820988416671753,1.0820988416671753
2022-04-18,1.081525444984436,1.081525444984436
2022-04-19,1.0781787633895874,1.0781787633895874
2022-04-20,1.0794472694396973,1.0794472694396973
2022-04-21,1.0849870443344116,1.0849870443344116
2022-04-22,1.0835175514221191,1.0835175514221191
2022-04-25,1.0811045169830322,1.0811045169830322
2022-04-26,1.0714209079742432,1.0714209079742432
2022-04-27,1.0643619298934937,1.0643619298934937
2022-04-28,1.0555092096328735,1.0555092096328735
2022-04-29,1.0504201650619507,1.0504201650619507
2022-05-02,1.0535964965820312,1.0535964965820312
2022-05-03,1.0509058237075806,1.0509058237075806
2022-05-04,1.0528532266616821,1.0528532266616821
2022-05-05,1.0622477531433105,1.0622477531433105
2022-05-06,1.0539740324020386,1.0539740324020386
2022-05-09,1.053219199180603,1.053219199180603
2022-05-10,1.056579828262329,1.056579828262329
2022-05-11,1.0532968044281006,1.0532968044281006
2022-05-12,1.05124831199646,1.05124831199646
2022-05-13,1.0379581451416016,1.0379581451416016
2022-05-16,1.0400632619857788,1.0400632619857788
2022-05-17,1.0438958406448364,1.0438958406448364
2022-05-18,1.0547856092453003,1.0547856092453003
2022-05-19,1.0472739934921265,1.0472739934921265
2022-05-20,1.057898759841919,1.057898759841919
2022-05-23,1.0569819211959839,1.0569819211959839
2022-05-24,1.0682048797607422,1.0682048797607422
2022-05-25,1.0736525058746338,1.0736525058746338
2022-05-26,1.0686614513397217,1.0686614513397217
2022-05-27,1.0732953548431396,1.0732953548431396
2022-05-30,1.0731456279754639,1.0731456279754639
2022-05-31,1.0773539543151855,1.0773539543151855
2022-06-01,1.0734105110168457,1.0734105110168457
2022-06-02,1.0654165744781494,1.0654165744781494
2022-06-03,1.0751069784164429,1.0751069784164429
2022-06-06,1.0726046562194824,1.0726046562194824
2022-06-07,1.0691413879394531,1.0691413879394531
2022-06-08,1.0698620080947876,1.0698620080947876
2022-06-09,1.071765422821045,1.071765422821045
2022-06-10,1.0619205236434937,1.0619205236434937
2022-06-13,1.0489987134933472,1.0489987134933472
2022-06-14,1.0415147542953491,1.0415147542953491
2022-06-15,1.0440592765808105,1.0440592765808105
2022-06-16,1.0456204414367676,1.0456204414367676
2022-06-17,1.0546854734420776,1.0546854734420776
2022-06-20,1.049141764640808,1.049141764640808
2022-06-21,1.0520778894424438,1.0520778894424438
2022-06-22,1.053263545036316,1.053263545036316
2022-06-23,1.0564124584197998,1.0564124584197998
2022-06-24,1.052011489868164,1.052011489868164
2022-06-27,1.0566133260726929,1.0566133260726929
2022-06-28,1.0580891370773315,1.0580891370773315
2022-06-29,1.0523545742034912,1.0523545742034912
2022-06-30,1.04465913772583,1.04465913772583
2022-07-01,1.0477677583694458,1.0477677583694458
2022-07-04,1.0433948040008545,1.0433948040008545
2022-07-05,1.0433186292648315,1.0433186292648315
2022-07-06,1.0257673263549805,1.0257673263549805
2022-07-07,1.0186411142349243,1.0186411142349243
2022-07-08,1.0169836282730103,1.0169836282730103
2022-07-11,1.0166114568710327,1.0166114568710327
2022-07-12,1.004752516746521,1.004752516746521
2022-07-13,1.0033109188079834,1.0033109188079834
2022-07-14,1.0032706260681152,1.0032706260681152
2022-07-15,1.0025665760040283,1.0025665760040283
2022-07-18,1.009631872177124,1.009631872177124
2022-07-19,1.0145177841186523,1.0145177841186523
2022-07-20,1.0231330394744873,1.0231330394744873
2022-07-21,1.0182781219482422,1.0182781219482422
2022-07-22,1.0221081972122192,1.0221081972122192
2022-07-25,1.0200231075286865,1.0200231075286865
2022-07-26,1.022494912147522,1.022494912147522
2022-07-27,1.0129557847976685,1.0129557847976685
2022-07-28,1.0209290981292725,1.0209290981292725
2022-07-29,1.0192328691482544,1.0192328691482544
2022-08-01,1.0208247900009155,1.0208247900009155
2022-08-02,1.0261356830596924,1.0261356830596924
2022-08-03,1.015568733215332,1.015568733215332
2022-08-04,1.015764594078064,1.015764594078064
2022-08-05,1.024779200553894,1.024779200553894
2022-08-08,1.0170871019363403,1.0170871019363403
2022-08-09,1.0197629928588867,1.0197629928588867
2022-08-10,1.0208144187927246,1.0208144187927246
2022-08-11,1.0300782918930054,1.0300782918930054
2022-08-12,1.0316723585128784,1.0316723585128784
2022-08-15,1.0256409645080566,1.0256409645080566
2022-08-16,1.0161981582641602,1.0161981582641602
2022-08-17,1.0170663595199585,1.0170663595199585
2022-08-18,1.0180189609527588,1.0180189609527588
2022-08-19,1.0089900493621826,1.0089900493621826
2022-08-22,1.0035223960876465,1.0035223960876465
2022-08-23,0.9939467906951904,0.9939467906951904
2022-08-24,0.9966909885406494,0.9966909885406494
2022-08-25,0.9969095587730408,0.9969095587730408
2022-08-26,0.9971283078193665,0.9971283078193665
2022-08-29,0.993867814540863,0.993867814540863
2022-08-30,1.0014019012451172,1.0014019012451172
2022-08-31,1.0025062561035156,1.0025062561035156
2022-09-01,1.003905177116394,1.003905177116394
2022-09-02,0.995232880115509,0.995232880115509
2022-09-05,0.9909427762031555,0.9909427762031555
2022-09-06,0.9952229857444763,0.9952229857444763
2022-09-07,0.9897951483726501,0.9897951483726501
2022-09-08,0.9995701909065247,0.9995701909065247
2022-09-09,1.0012015104293823,1.0012015104293823
2022-09-12,1.0071406364440918,1.0071406364440918
2022-09-13,1.0129557847976685,1.0129557847976685
2022-09-14,0.9982032775878906,0.9982032775878906
2022-09-15,0.9984025359153748,0.9984025359153748
2022-09-16,0.9988313317298889,0.9988313317298889
2022-09-19,1.002234935760498,1.002234935760498
2022-09-20,1.0029587745666504,1.0029587745666504
2022-09-21,0.997078537940979,0.997078537940979
2022-09-22,0.983071506023407,0.983071506023407
2022-09-23,0.9841550588607788,0.9841550588607788
2022-09-26,0.968992292881012,0.968992292881012
2022-09-27,0.9623712301254272,0.9623712301254272
2022-09-28,0.9596191644668579,0.9596191644668579
2022-09-29,0.9708172082901001,0.9708172082901001
2022-09-30,0.9829555749893188,0.9829555749893188
2022-10-03,0.9792688488960266,0.9792688488960266
2022-10-04,0.9832068681716919,0.9832068681716919
2022-10-05,0.998432457447052,0.998432457447052
2022-10-06,0.9910998940467834,0.9910998940467834
2022-10-07,0.9789045453071594,0.9789045453071594
2022-10-10,0.9735012650489807,0.9735012650489807
2022-10-11,0.9710057377815247,0.9710057377815247
2022-10-12,0.9700167775154114,0.9700167775154114
2022-10-13,0.9707984328269958,0.9707984328269958
2022-10-14,0.975134015083313,0.975134015083313
2022-10-17,0.973937451839447,0.973937451839447
2022-10-18,0.9846396446228027,0.9846396446228027
2022-10-19,0.9863878488540649,0.9863878488540649
2022-10-20,0.9766482710838318,0.9766482710838318
2022-10-21,0.9778899550437927,0.9778899550437927
2022-10-24,0.9860085844993591,0.9860085844993591
2022-10-25,0.9886503219604492,0.9886503219604492
2022-10-26,0.9963731169700623,0.9963731169700623
2022-10-27,1.009193778038025,1.009193778038025
2022-10-28,0.9967803955078125,0.9967803955078125
2022-10-31,0.9955002665519714,0.9955002665519714
2022-11-01,0.9886307716369629,0.9886307716369629
2022-11-02,0.9877909421920776,0.9877909421920776
2022-11-03,0.9814409017562866,0.9814409017562866
2022-11-04,0.9749630093574524,0.9749630093574524
2022-11-07,0.9928810596466064,0.9928810596466064
2022-11-08,1.0018634796142578,1.0018634796142578
2022-11-09,1.008084774017334,1.008084774017334
2022-11-10,1.0019538402557373,1.0019538402557373
2022-11-11,1.0192224979400635,1.0192224979400635
2022-11-14,1.0328551530838013,1.0328551530838013
2022-11-15,1.0319278240203857,1.0319278240203857
2022-11-16,1.0357863903045654,1.0357863903045654
2022-11-17,1.0395010709762573,1.0395010709762573
2022-11-18,1.036172866821289,1.036172866821289
2022-11-21,1.0330898761749268,1.0330898761749268
2022-11-22,1.0245691537857056,1.0245691537857056
2022-11-23,1.0311086177825928,1.0311086177825928
2022-11-24,1.0416233539581299,1.0416233539581299
2022-11-25,1.040810227394104,1.040810227394104
2022-11-28,1.0367528200149536,1.0367528200149536
2022-11-29,1.034554123878479,1.034554123878479
2022-11-30,1.0324499607086182,1.0324499607086182
2022-12-01,1.042535424232483,1.042535424232483
2022-12-02,1.052842140197754,1.052842140197754
2022-12-05,1.0544185638427734,1.0544185638427734
2022-12-06,1.0496923923492432,1.0496923923492432
2022-12-07,1.0469011068344116,1.0469011068344116
2022-12-08,1.051325798034668,1.051325798034668
2022-12-09,1.0559661388397217,1.0559661388397217
2022-12-12,1.0522217750549316,1.0522217750549316
2022-12-13,1.0541739463806152,1.0541739463806152
2022-12-14,1.062665343284607,1.062665343284607
2022-12-15,1.0676347017288208,1.0676347017288208
2022-12-16,1.064056158065796,1.064056158065796
2022-12-19,1.05850350856781,1.05850350856781
2022-12-20,1.0614584684371948,1.0614584684371948
2022-12-21,1.062699317932129,1.062699317932129
2022-12-22,1.0610079765319824,1.0610079765319824
2022-12-23,1.060333013534546,1.060333013534546
2022-12-26,1.0667804479599,1.0667804479599
2022-12-27,1.064022183418274,1.064022183418274
2022-12-28,1.0637166500091553,1.0637166500091553
2022-12-29,1.062925100326538,1.062925100326538
2022-12-30,1.066075325012207,1.066075325012207
2023-01-02,1.0709733963012695,1.0709733963012695
2023-01-03,1.0677714347839355,1.0677714347839355
2023-01-04,1.0546854734420776,1.0546854734420776
2023-01-05,1.0606365203857422,1.0606365203857422
2023-01-06,1.0522217750549316,1.0522217750549316
2023-01-09,1.0656323432922363,1.0656323432922363
2023-01-10,1.073318362236023,1.073318362236023
2023-01-11,1.0738946199417114,1.0738946199417114
2023-01-12,1.0766000747680664,1.0766000747680664
2023-01-13,1.0860239267349243,1.0860239267349243
2023-01-16,1.082461953163147,1.082461953163147
2023-01-17,1.0830129384994507,1.0830129384994507
2023-01-18,1.0793308019638062,1.0793308019638062
2023-01-19,1.0797853469848633,1.0797853469848633
2023-01-20,1.083388328552246,1.083388328552246
2023-01-23,1.0864723920822144,1.086507797241211
2023-01-24,1.0874292850494385,1.0874292850494385
2023-01-25,1.088814616203308,1.088814616203308
2023-01-26,1.0922038555145264,1.0922038555145264
2023-01-27,1.0894432067871094,1.0894432067871094
2023-01-30,1.0871455669403076,1.0871455669403076
2023-01-31,1.0850694179534912,1.0850694179534912
2023-02-01,1.0860947370529175,1.0860947370529175
2023-02-02,1.1012852191925049,1.1012852191925049
2023-02-03,1.0905125141143799,1.0905125141143799
2023-02-06,1.079086184501648,1.079086184501648
2023-02-07,1.0730764865875244,1.0730764865875244
2023-02-08,1.0729728937149048,1.0729728937149048
2023-02-09,1.0715816020965576,1.0715816020965576
2023-02-10,1.0742292404174805,1.0742292404174805
2023-02-13,1.0677714347839355,1.0677714347839355
2023-02-14,1.0730419158935547,1.0730419158935547
2023-02-15,1.0735719203948975,1.0735719203948975
2023-02-16,1.0691757202148438,1.0691757202148438
2023-02-17,1.0665756464004517,1.0665756464004517
2023-02-20,1.0684444904327393,1.0684444904327393
2023-02-21,1.068261981010437,1.068261981010437
2023-02-22,1.065200924873352,1.065200924873352
2023-02-23,1.0605803728103638,1.0605803728103638
2023-02-24,1.0598047971725464,1.0598047971725464
2023-02-27,1.0554758310317993,1.0554758310317993
2023-02-28,1.0611205101013184,1.0611205101013184
2023-03-01,1.0577309131622314,1.0577309131622314
2023-03-02,1.066894292831421,1.066894292831421
2023-03-03,1.0599732398986816,1.0599732398986816
2023-03-06,1.0626201629638672,1.0626201629638672
2023-03-07,1.0688328742980957,1.0688328742980957
2023-03-08,1.05507493019104,1.05507493019104
2023-03-09,1.0549525022506714,1.0549525022506714
2023-03-10,1.0584698915481567,1.0584698915481567
2023-03-13,1.0683646202087402,1.0683646202087402
2023-03-14,1.0725010633468628,1.0725010633468628
2023-03-15,1.0727657079696655,1.0727657079696655
2023-03-16,1.0583354234695435,1.0583354234695435
2023-03-17,1.0614134073257446,1.0614134073257446
2023-03-20,1.0678855180740356,1.0678855180740356
2023-03-21,1.071914792060852,1.071914792060852
2023-03-22,1.0774236917495728,1.0774236917495728
2023-03-23,1.0870392322540283,1.0870392322540283
2023-03-24,1.0835057497024536,1.0835057497024536
2023-03-27,1.077818512916565,1.077818512916565
2023-03-28,1.0807071924209595,1.0807071924209595
2023-03-29,1.0839520692825317,1.0839520692825317
2023-03-30,1.0843634605407715,1.0843634605407715
2023-03-31,1.0904649496078491,1.0904649496078491
2023-04-03,1.0803335905075073,1.0803335905075073
2023-04-04,1.091226577758789,1.091226577758789
2023-04-05,1.0960105657577515,1.0960105657577515
2023-04-06,1.090334177017212,1.090334177017212
2023-04-07,1.0920130014419556,1.0920130014419556
2023-04-10,1.0913575887680054,1.0913575887680054
2023-04-11,1.086932897567749,1.086932897567749
2023-04-12,1.0917507410049438,1.0917507410049438
2023-04-13,1.0999890565872192,1.0999890565872192
2023-04-14,1.1054610013961792,1.1054610013961792
2023-04-17,1.098659634590149,1.098659634590149
2023-04-18,1.0925379991531372,1.0925379991531372
2023-04-19,1.0975382328033447,1.0975382328033447
2023-04-20,1.095218300819397,1.095218300819397
2023-04-21,1.0970927476882935,1.0970927476882935
2023-04-24,1.0992271900177002,1.0992271900177002
2023-04-25,1.1059499979019165,1.1059499979019165
2023-04-26,1.0978394746780396,1.0978394746780396
2023-04-27,1.1047282218933105,1.1047282218933105
2023-04-28,1.1032048463821411,1.1032048463821411
2023-05-01,1.1010911464691162,1.1010911464691162
2023-05-02,1.0969241857528687,1.0969241857528687
2023-05-03,1.1010911464691162,1.1010911464691162
2023-05-04,1.1068925857543945,1.1068925857543945
2023-05-05,1.102292776107788,1.102292776107788
2023-05-08,1.10186767578125,1.10186767578125
2023-05-09,1.0996140241622925,1.0996140241622925
2023-05-10,1.096467137336731,1.096467137336731
2023-05-11,1.098406195640564,1.098406195640564
2023-05-12,1.0912145376205444,1.0912145376205444
2023-05-15,1.0852696895599365,1.0852696895599365
2023-05-16,1.0873701572418213,1.0873701572418213
2023-05-17,1.0865668058395386,1.0865668058395386
2023-05-18,1.0838346481323242,1.0838346481323242
2023-05-19,1.0775396823883057,1.0775396823883057
2023-05-22,1.0822745561599731,1.0822745561599731
2023-05-23,1.0811045169830322,1.0811045169830322
2023-05-24,1.076971173286438,1.076971173286438
2023-05-25,1.0757315158843994,1.0757315158843994
2023-05-26,1.0724436044692993,1.0724436044692993
2023-05-29,1.0723055601119995,1.0723055601119995
2023-05-30,1.0707669258117676,1.0707669258117676
2023-05-31,1.073306918144226,1.073306918144226
2023-06-01,1.0695186853408813,1.0695186853408813
2023-06-02,1.0760787725448608,1.0760787725448608
2023-06-05,1.0698620080947876,1.0698620080947876
2023-06-06,1.0711798667907715,1.0711798667907715
2023-06-07,1.0698047876358032,1.0698047876358032
2023-06-08,1.0707440376281738,1.0707440376281738
2023-06-09,1.078271746635437,1.078271746635437
2023-06-12,1.0750954151153564,1.0750954151153564
2023-06-13,1.0762988328933716,1.0762988328933716
2023-06-14,1.078934907913208,1.078934907913208
2023-06-15,1.084304690361023,1.084304690361023
2023-06-16,1.0945948362350464,1.0945948362350464
2023-06-19,1.0942115783691406,1.0942115783691406
2023-06-20,1.0924304723739624,1.0924304723739624
2023-06-21,1.0920368432998657,1.0920368432998657
2023-06-22,1.0992635488510132,1.0992635488510132
2023-06-23,1.0958904027938843,1.0958904027938843
2023-06-26,1.0906671285629272,1.0906671285629272
2023-06-27,1.091048002243042,1.091048002243042
2023-06-28,1.0957223176956177,1.0957223176956177
2023-06-29,1.0915838479995728,1.0915838479995728
2023-06-30,1.0868029594421387,1.0868029594421387
2023-07-03,1.0907504558563232,1.0907504558563232
2023-07-04,1.091309905052185,1.091309905052185
2023-07-05,1.0884946584701538,1.0884946584701538
2023-07-06,1.0856584310531616,1.0856584310531616
2023-07-07,1.0890636444091797,1.0890636444091797
2023-07-10,1.0969723463058472,1.0969723463058472
2023-07-11,1.100594401359558,1.100594401359558
2023-07-12,1.101406455039978,1.101406455039978
2023-07-13,1.1144545078277588,1.1144545078277588
2023-07-14,1.1223469972610474,1.1223469972610474
2023-07-17,1.1227755546569824,1.1227755546569824
2023-07-18,1.1237596273422241,1.1237596273422241
2023-07-19,1.1228890419006348,1.1228890419006348
2023-07-20,1.120523452758789,1.120523452758789
2023-07-21,1.113709807395935,1.113709807395935
2023-07-24,1.112532615661621,1.112532615661621
2023-07-25,1.1063170433044434,1.1063170433044434
2023-07-26,1.1050456762313843,1.1050456762313843
2023-07-27,1.1078368425369263,1.1078368425369263
2023-07-28,1.0978755950927734,1.0978755950927734
2023-07-31,1.1024264097213745,1.1024264097213745
2023-08-01,1.0997591018676758,1.0997591018676758
2023-08-02,1.1007881164550781,1.1007881164550781
2023-08-03,1.0944151878356934,1.0944151878356934
2023-08-04,1.095158338546753,1.095158338546753
2023-08-07,1.1002674102783203,1.1002674102783203
2023-08-08,1.100315809249878,1.100315809249878
2023-08-09,1.0958904027938843,1.0958904027938843
2023-08-10,1.0977671146392822,1.0977671146392822
2023-08-11,1.0981649160385132,1.0981649160385132
2023-08-14,1.094439148902893,1.094439148902893
2023-08-15,1.0909883975982666,1.0909883975982666
2023-08-16,1.0904173851013184,1.0904173851013184
2023-08-17,1.0874884128570557,1.0874884128570557
2023-08-18,1.0874648094177246,1.0874648094177246
2023-08-21,1.087559461593628,1.087559461593628
2023-08-22,1.0898351669311523,1.0898351669311523
2023-08-23,1.0846692323684692,1.0846692323684692
2023-08-24,1.086578607559204,1.086578607559204
2023-08-25,1.07991361618042,1.07991361618042
2023-08-28,1.0797386169433594,1.0797386169433594
2023-08-29,1.0825556516647339,1.0825556516647339
2023-08-30,1.0869210958480835,1.0869210958480835
2023-08-31,1.0932546854019165,1.0932546854019165
2023-09-01,1.0844104290008545,1.0844104290008545
2023-09-04,1.07758629322052,1.07758629322052
2023-09-05,1.0794472694396973,1.0794472694396973
2023-09-06,1.0726161003112793,1.0726161003112793
2023-09-07,1.0724204778671265,1.0724204778671265
2023-09-08,1.0697818994522095,1.0697818994522095
2023-09-11,1.071811318397522,1.071811318397522
2023-09-12,1.0750375986099243,1.0750375986099243
2023-09-13,1.075326681137085,1.075326681137085
2023-09-14,1.0734220743179321,1.0734220743179321
2023-09-15,1.0637166500091553,1.0637166500091553
2023-09-18,1.0668259859085083,1.0668259859085083
2023-09-19,1.0692671537399292,1.0692671537399292
2023-09-20,1.0682048797607422,1.0682048797607422
2023-09-21,1.065303087234497,1.065303087234497
2023-09-22,1.0661548376083374,1.0661548376083374
2023-09-25,1.0648492574691772,1.0648492574691772
2023-09-26,1.0591648817062378,1.0591648817062378
2023-09-27,1.0569483041763306,1.0569483041763306
2023-09-28,1.0505305528640747,1.0505305528640747
2023-09-29,1.0562450885772705,1.0562450885772705
2023-10-02,1.0565240383148193,1.0565240383148193
2023-10-03,1.0480751991271973,1.0480751991271973
2023-10-04,1.0472300052642822,1.0472300052642822
2023-10-05,1.0507071018218994,1.0507071018218994
2023-10-06,1.0546631813049316,1.0546631813049316
2023-10-09,1.056747317314148,1.056747317314148
2023-10-10,1.0578875541687012,1.0578875541687012
2023-10-11,1.0604791641235352,1.0604791641235352
2023-10-12,1.0624282360076904,1.0624282360076904
2023-10-13,1.0536741018295288,1.0536741018295288
2023-10-16,1.0521553754806519,1.0521553754806519
2023-10-17,1.0554312467575073,1.0554312467575073
2023-10-18,1.057305932044983,1.057305932044983
2023-10-19,1.053851842880249,1.053851842880249
2023-10-20,1.0586491823196411,1.0586491823196411
2023-10-23,1.0589966773986816,1.0589966773986816
2023-10-24,1.0669853687286377,1.0669853687286377
2023-10-25,1.059535264968872,1.059535264968872
2023-10-26,1.056725025177002,1.056725025177002
2023-10-27,1.0564459562301636,1.0564459562301636
2023-10-30,1.0562450885772705,1.0562450885772705
2023-10-31,1.061503529548645,1.061503529548645
2023-11-01,1.0579099655151367,1.0579099655151367
2023-11-02,1.05870521068573,1.05870521068573
2023-11-03,1.0619093179702759,1.0619093179702759
2023-11-06,1.0732147693634033,1.0732147693634033
2023-11-07,1.0721560716629028,1.0721560716629028
2023-11-08,1.0696102380752563,1.0696102380752563
2023-11-09,1.0710422992706299,1.0710422992706299
2023-11-10,1.0667576789855957,1.0667576789855957
2023-11-13,1.069015622138977,1.069015622138977
2023-11-14,1.0701825618743896,1.0701825618743896
2023-11-15,1.0878314971923828,1.0878314971923828
2023-11-16,1.0854581594467163,1.0854581594467163
2023-11-17,1.0853756666183472,1.0853756666183472
2023-11-20,1.090702772140503,1.090702772140503
2023-11-21,1.0945948362350464,1.0945948362350464
2023-11-22,1.0918222665786743,1.0918222665786743
2023-11-23,1.0890873670578003,1.0890873670578003
2023-11-24,1.0906314849853516,1.0906314849853516
2023-11-27,1.0940439701080322,1.0940439701080322
2023-11-28,1.0958423614501953,1.0958423614501953
2023-11-29,1.100594401359558,1.100594401359558
2023-11-30,1.0973695516586304,1.0973695516586304
2023-12-01,1.0892059803009033,1.0892059803009033
2023-12-04,1.088814616203308,1.088814616203308
2023-12-05,1.0837758779525757,1.0837758779525757
2023-12-06,1.0793657302856445,1.0793657302856445
2023-12-07,1.076669692993164,1.076669692993164
2023-12-08,1.079214334487915,1.079214334487915
2023-12-11,1.0765769481658936,1.0765769481658936
2023-12-12,1.076658010482788,1.076658010482788
2023-12-13,1.0798670053482056,1.0798670053482056
2023-12-14,1.0886130332946777,1.0886130332946777
2023-12-15,1.0993602275848389,1.0993602275848389
2023-12-18,1.0895264148712158,1.0895264148712158
2023-12-19,1.092382788658142,1.092382788658142
2023-12-20,1.0981045961380005,1.0981045961380005
2023-12-21,1.0945708751678467,1.0945708751678467
2023-12-22,1.100618600845337,1.100618600845337
2023-12-25,1.102657437324524,1.102657437324524
2023-12-26,1.1020255088806152,1.1020255088806152
2023-12-27,1.1043012142181396,1.1043012142181396
2023-12-28,1.110864281654358,1.110864281654358
2023-12-29,1.1068191528320312,1.1068191528320312
2024-01-01,1.1055831909179688,1.1055831909179688
2024-01-02,1.1038745641708374,1.1038745641708374
2024-01-03,1.0941756963729858,1.0941756963729858
2024-01-04,1.0927767753601074,1.0927767753601074
2024-01-05,1.0947387218475342,1.0947387218475342
2024-01-08,1.0942236185073853,1.0942236185073853
2024-01-09,1.095170259475708,1.095170259475708
2024-01-10,1.0932426452636719,1.0932426452636719
2024-01-11,1.0975141525268555,1.0975141525268555
2024-01-12,1.0981649160385132,1.0981649160385132
2024-01-15,1.0945708751678467,1.0945708751678467
2024-01-16,1.0945708751678467,1.0945708751678467
2024-01-17,1.087878942489624,1.087878942489624
2024-01-18,1.0885775089263916,1.0885775089263916
2024-01-19,1.0879143476486206,1.0879143476486206
2024-01-22,1.089229702949524,1.089229702949524
2024-01-23,1.088020920753479,1.088020920753479
2024-01-24,1.0857881307601929,1.0857881307601929
2024-01-25,1.088174819946289,1.088174819946289
2024-01-26,1.0847046375274658,1.0847046375274658
2024-01-29,1.0843517780303955,1.0843517780303955
2024-01-30,1.0834470987319946,1.0834470987319946
2024-01-31,1.08433997631073,1.08433997631073
2024-02-01,1.0803920030593872,1.0803920030593872
2024-02-02,1.0874648094177246,1.0874648094177246
2024-02-05,1.0780043601989746,1.0780043601989746
2024-02-06,1.0741831064224243,1.0741831064224243
2024-02-07,1.075719952583313,1.075719952583313
2024-02-08,1.077574610710144,1.077574610710144
2024-02-09,1.0777255296707153,1.0777255296707153
2024-02-12,1.0798202753067017,1.0798202753067017
2024-02-13,1.0772264003753662,1.0772264003753662
2024-02-14,1.0708931684494019,1.0708931684494019
2024-02-15,1.0732147693634033,1.0732147693634033
2024-02-16,1.0773887634277344,1.0773887634277344
2024-02-19,1.0784461498260498,1.0784927606582642
2024-02-20,1.0775396823883057,1.0775396823883057
2024-02-21,1.0813149213790894,1.0813149213790894
2024-02-22,1.0820403099060059,1.0820403099060059
2024-02-23,1.0825674533843994,1.0825674533843994
2024-02-26,1.081958293914795,1.0820051431655884
2024-02-27,1.0850930213928223,1.0850930213928223
2024-02-28,1.084481120109558,1.084481120109558
2024-02-29,1.0838816165924072,1.0838816165924072
2024-03-01,1.0804970264434814,1.0804970264434814
2024-03-04,1.084269404411316,1.084269404411316
2024-03-05,1.0855170488357544,1.0855170488357544
2024-03-06,1.0855995416641235,1.0855995416641235
2024-03-07,1.089953899383545,1.089953899383545
2024-03-08,1.0950144529342651,1.0950144529342651
2024-03-11,1.0942955017089844,1.0942955017089844
2024-03-12,1.093135118484497,1.093135118484497
2024-03-13,1.0927767753601074,1.0927767753601074
2024-03-14,1.0955302715301514,1.0955302715301514
2024-03-15,1.0883406400680542,1.0883406400680542
2024-03-18,1.0882576704025269,1.0882576704025269
2024-03-19,1.087393879890442,1.087393879890442
2024-03-20,1.0863306522369385,1.0863306522369385
2024-03-21,1.0937210321426392,1.0937210321426392
2024-03-22,1.0862362384796143,1.0862362384796143
2024-03-25,1.0807539224624634,1.0807539224624634
2024-03-26,1.0838228464126587,1.0838228464126587
2024-03-27,1.0832358598709106,1.0832358598709106
2024-03-28,1.0813382863998413,1.0813382863998413
2024-03-29,1.0794472694396973,1.0794472694396973
2024-04-01,1.0792726278305054,1.0792726278305054
2024-04-02,1.0737217664718628,1.0737217664718628
2024-04-03,1.076855182647705,1.076855182647705
2024-04-04,1.0838346481323242,1.0838346481323242
2024-04-05,1.0837054252624512,1.0837054252624512
2024-04-08,1.0830481052398682,1.0830481052398682
2024-04-09,1.0863661766052246,1.0863661766052246
2024-04-10,1.0859296321868896,1.0859296321868896
2024-04-11,1.074171543121338,1.074171543121338
2024-04-12,1.0726851224899292,1.0726851224899292
2024-04-15,1.0649627447128296,1.0649627447128296
2024-04-16,1.0625749826431274,1.0625749826431274
2024-04-17,1.0621461868286133,1.0621461868286133
2024-04-18,1.0669398307800293,1.0669398307800293
2024-04-19,1.0644185543060303,1.0644185543060303
2024-04-22,1.0657799243927002,1.065825343132019
2024-04-23,1.065405249595642,1.065405249595642
2024-04-24,1.0704345703125,1.0704345703125
2024-04-25,1.0699878931045532,1.0699878931045532
2024-04-26,1.072961449623108,1.072961449623108
2024-04-29,1.0706866979599,1.0706866979599
2024-04-30,1.0715701580047607,1.0715701580047607
2024-05-01,1.0666552782058716,1.0666552782058716
2024-05-02,1.0721560716629028,1.0721560716629028
2024-05-03,1.073306918144226,1.073306918144226
2024-05-06,1.0758124589920044,1.0758124589920044
2024-05-07,1.0767507553100586,1.0767507553100586
2024-05-08,1.0750491619110107,1.0750491619110107
2024-05-09,1.0746910572052002,1.0746910572052002
2024-05-10,1.078515887260437,1.078515887260437
2024-05-13,1.077040672302246,1.077040672302246
2024-05-14,1.079354166984558,1.079354166984558
2024-05-15,1.0814552307128906,1.0814552307128906
2024-05-16,1.0889805555343628,1.0889805555343628
2024-05-17,1.0867793560028076,1.0867793560028076
2024-05-20,1.0875475406646729,1.0875475406646729
2024-05-21,1.086082935333252,1.086082935333252
2024-05-22,1.0855170488357544,1.0855170488357544
2024-05-23,1.0825204849243164,1.0825204849243164
2024-05-24,1.0812681913375854,1.0812681913375854
2024-05-27,1.0847634077072144,1.0847634077072144
2024-05-28,1.0861891508102417,1.0861891508102417
2024-05-29,1.0851871967315674,1.0851871967315674
2024-05-30,1.0801819562911987,1.0801819562911987
2024-05-31,1.0835410356521606,1.0835410356521606
2024-06-03,1.0853049755096436,1.0853049755096436
2024-06-04,1.0907385349273682,1.0907385349273682
2024-06-05,1.0881866216659546,1.0881866216659546
2024-06-06,1.087453007698059,1.087453007698059
2024-06-07,1.0894432067871094,1.0894432067871094
2024-06-10,1.0778882503509521,1.0778882503509521
2024-06-11,1.0764262676239014,1.0764262676239014
2024-06-12,1.0740330219268799,1.0740330219268799
2024-06-13,1.0813149213790894,1.0813149213790894
2024-06-14,1.0738831758499146,1.0738831758499146
2024-06-17,1.0702168941497803,1.0702168941497803
2024-06-18,1.0740677118301392,1.0740677118301392
2024-06-19,1.0742292404174805,1.0742292404174805
2024-06-20,1.0751532316207886,1.0751532316207886
2024-06-21,1.0706409215927124,1.0706409215927124
2024-06-24,1.0687757730484009,1.0687757730484009
2024-06-25,1.0732723474502563,1.0732723474502563
2024-06-26,1.0709619522094727,1.0709619522094727
2024-06-27,1.068010926246643,1.068010926246643
2024-06-28,1.0708472728729248,1.0708472728729248
2024-07-01,1.0735257863998413,1.0735257863998413
2024-07-02,1.0737102031707764,1.0737102031707764
2024-07-03,1.0748412609100342,1.0748412609100342
2024-07-04,1.0793308019638062,1.0793308019638062
2024-07-05,1.0810693502426147,1.0810693502426147
2024-07-08,1.082602620124817,1.082602620124817
2024-07-09,1.0830950736999512,1.0830950736999512
2024-07-10,1.0814785957336426,1.0814785957336426
2024-07-11,1.083329677581787,1.083329677581787
2024-07-12,1.0872756242752075,1.0872756242752075
2024-07-15,1.0885539054870605,1.0885539054870605
2024-07-16,1.0901559591293335,1.0901559591293335
2024-07-17,1.0902509689331055,1.0902509689331055
2024-07-18,1.094020128250122,1.094020128250122
2024-07-19,1.0901559591293335,1.0901559591293335
2024-07-22,1.0899182558059692,1.0899182558059692
2024-07-23,1.0889805555343628,1.0889805555343628
2024-07-24,1.0850694179534912,1.0850694179534912
2024-07-25,1.0839520692825317,1.0839520692825317
2024-07-26,1.0851283073425293,1.0851283073425293
2024-07-29,1.0853756666183472,1.0853756666183472
2024-07-30,1.081946611404419,1.081946611404419
2024-07-31,1.0816072225570679,1.0816072225570679
2024-08-01,1.082391619682312,1.082391619682312
2024-08-02,1.0787602663040161,1.0787602663040161
2024-08-05,1.0910836458206177,1.0910836458206177
2024-08-06,1.0950982570648193,1.0950982570648193
2024-08-07,1.0926215648651123,1.0926215648651123
2024-08-08,1.0928125381469727,1.0928125381469727
2024-08-09,1.0915720462799072,1.0915720462799072
2024-08-12,1.091381311416626,1.091381311416626
2024-08-13,1.0936251878738403,1.0936251878738403
2024-08-14,1.0996986627578735,1.0996986627578735
2024-08-15,1.1013215780258179,1.1013215780258179
2024-08-16,1.0972732305526733,1.0972732305526733
2024-08-19,1.1024993658065796,1.1024993658065796
2024-08-20,1.1086474657058716,1.1086474657058716
2024-08-21,1.112792730331421,1.112792730331421
2024-08-22,1.115536093711853,1.115536093711853
2024-08-23,1.111716389656067,1.111716389656067
2024-08-26,1.1187934875488281,1.1187934875488281
2024-08-27,1.1164700984954834,1.1164700984954834
2024-08-28,1.117793083190918,1.117793083190918
2024-08-29,1.1124955415725708,1.1124955415725708
2024-08-30,1.1080454587936401,1.1080454587936401
2024-09-02,1.1044842004776,1.1044842004776
2024-09-03,1.1067456007003784,1.1067456007003784
2024-09-04,1.1048868894577026,1.1048868894577026
2024-09-05,1.1080454587936401,1.1080454587936401
2024-09-06,1.1111111640930176,1.1111111640930176
2024-09-09,1.1087212562561035,1.1087212562561035
2024-09-10,1.1037527322769165,1.1037527322769165
2024-09-11,1.1020983457565308,1.1020983457565308
2024-09-12,1.1010911464691162,1.1010911464691162
2024-09-13,1.1077877283096313,1.1077877283096313
2024-09-16,1.1088441610336304,1.1088441610336304
2024-09-17,1.1129536628723145,1.1129536628723145
2024-09-18,1.1123099327087402,1.1123099327087402
2024-09-19,1.1114816665649414,1.1114816665649414
2024-09-20,1.1161960363388062,1.1161960363388062
2024-09-23,1.1160838603973389,1.1160838603973389
2024-09-24,1.1111727952957153,1.1111727952957153
2024-09-25,1.1191190481185913,1.1191190481185913
2024-09-26,1.1131023168563843,1.1131023168563843
2024-09-27,1.117717981338501,1.117717981338501
2024-09-30,1.1169815063476562,1.1169815063476562
2024-10-01,1.113660216331482,1.113660216331482
2024-10-02,1.1063904762268066,1.1063904762268066
2024-10-03,1.1048502922058105,1.1048502922058105
2024-10-04,1.103557825088501,1.103557825088501
2024-10-07,1.0974539518356323,1.0974539518356323
2024-10-08,1.0975743532180786,1.0975743532180786
2024-10-09,1.0975743532180786,1.0975743532180786
2024-10-10,1.0943313837051392,1.0943313837051392
2024-10-11,1.0933860540390015,1.0933860540390015
2024-10-14,1.0925379991531372,1.0925379991531372
2024-10-15,1.0909169912338257,1.0909169912338257
2024-10-16,1.0884116888046265,1.0884116888046265
2024-10-17,1.0862481594085693,1.0862481594085693
2024-10-18,1.0829542875289917,1.0829542875289917
2024-10-21,1.0868619680404663,1.0868619680404663
2024-10-22,1.0817828178405762,1.0817828178405762
2024-10-23,1.079727053642273,1.079727053642273
2024-10-24,1.0780508518218994,1.0780508518218994
2024-10-25,1.0824151039123535,1.0824151039123535
2024-10-28,1.0796570777893066,1.0796570777893066
2024-10-29,1.0816774368286133,1.0816774368286133
2024-10-30,1.0820636749267578,1.0820636749267578
2024-10-31,1.0859178304672241,1.0859178304672241
2024-11-01,1.0886130332946777,1.0886130332946777
2024-11-04,1.087453007698059,1.087453007698059
2024-11-05,1.0874056816101074,1.0874056816101074
2024-11-06,1.093445897102356,1.093445897102356
2024-11-07,1.073306918144226,1.073306918144226
2024-11-08,1.0795172452926636,1.0795172452926636
2024-11-11,1.0714898109436035,1.0714898109436035
2024-11-12,1.066439151763916,1.066439151763916
2024-11-13,1.061672568321228,1.061672568321228
2024-11-14,1.0564124584197998,1.0564124584197998
2024-11-15,1.0530084371566772,1.0530084371566772
2024-11-18,1.0533745288848877,1.0533745288848877
2024-11-19,1.059490442276001,1.059490442276001
2024-11-20,1.0607603788375854,1.0607603788375854
2024-11-21,1.0546187162399292,1.0546187162399292
2024-11-22,1.0469341278076172,1.0469341278076172
2024-11-25,1.0479873418807983,1.0479873418807983
2024-11-26,1.0444300174713135,1.0444300174713135
2024-11-27,1.0491198301315308,1.0491198301315308
2024-11-28,1.0562450885772705,1.0562450885772705
2024-11-29,1.0563008785247803,1.0563008785247803
2024-12-02,1.0545742511749268,1.0545074939727783
2024-12-03,1.0501223802566528,1.0501223802566528
2024-12-04,1.0510826110839844,1.0510826110839844
2024-12-05,1.051414132118225,1.051414132118225
2024-12-06,1.058559536933899,1.058559536933899
2024-12-09,1.0565463304519653,1.0565463304519653
2024-12-10,1.0555204153060913,1.0555204153060913
2024-12-11,1.0532968044281006,1.0532968044281006
2024-12-12,1.0506850481033325,1.0506850481033325
2024-12-13,1.0474056005477905,1.0474056005477905
2024-12-16,1.051005244255066,1.051005244255066
2024-12-17,1.0517348051071167,1.0517348051071167
2024-12-18,1.0495051145553589,1.0495051145553589
2024-12-19,1.0350252389907837,1.0350252389907837
2024-12-20,1.0364949703216553,1.0364949703216553
2024-12-23,1.0433076620101929,1.0433076620101929
2024-12-24,1.0405826568603516,1.0405826568603516
2024-12-25,1.0402579307556152,1.0402579307556152
2024-12-26,1.0399551391601562,1.0399551391601562
2024-12-27,1.0423181056976318,1.0423181056976318
2024-12-30,1.0429377555847168,1.0429377555847168
2024-12-31,1.040615200996399,1.040615200996399
2025-01-02,1.0351860523223877,1.0351860523223877
2025-01-03,1.0268205404281616,1.0268205404281616
2025-01-06,1.0305347442626953,1.0305347442626953
2025-01-07,1.0386372804641724,1.0386372804641724
2025-01-08,1.034554123878479,1.034554123878479
2025-01-09,1.0314701795578003,1.0314701795578003
2025-01-10,1.0297601222991943,1.0297601222991943
2025-01-13,1.0244431495666504,1.0244431495666504
2025-01-14,1.0265253782272339,1.0265253782272339
2025-01-15,1.0306835174560547,1.0306835174560547
2025-01-16,1.0295268297195435,1.0295268297195435
2025-01-17,1.0301949977874756,1.0301949977874756
2025-01-20,1.0277386903762817,1.0277386903762817
2025-01-21,1.0420682430267334,1.0420682430267334
2025-01-22,1.0405935049057007,1.0405935049057007
2025-01-23,1.0410159826278687,1.0410159826278687
2025-01-24,1.041601538658142,1.041601538658142
2025-01-27,1.0467586517333984,1.0467586517333984
2025-01-28,1.0445064306259155,1.0445064306259155
2025-01-29,1.0429050922393799,1.0429050922393799
2025-01-30,1.0425245761871338,1.0425245761871338
2025-01-31,1.0397279262542725,1.0397279262542725
2025-02-03,1.024779200553894,1.024779200553894
2025-02-04,1.0327378511428833,1.0327378511428833
2025-02-05,1.0372798442840576,1.0372798442840576
2025-02-06,1.0400848388671875,1.0400848388671875
2025-02-07,1.0385725498199463,1.0385725498199463
2025-02-10,1.0311616659164429,1.0311616659164429
2025-02-11,1.0301525592803955,1.0301525592803955
2025-02-12,1.0364949703216553,1.0364949703216553
2025-02-13,1.039198637008667,1.039198637008667
2025-02-14,1.0461673736572266,1.0461673736572266
2025-02-17,1.0489217042922974,1.0489217042922974
2025-02-18,1.048536777496338,1.048536777496338
2025-02-19,1.044833779335022,1.044833779335022
2025-02-20,1.0421009063720703,1.0421009063720703
2025-02-21,1.0500562191009521,1.0500562191009521
2025-02-24,1.0474823713302612,1.0474823713302612
2025-02-25,1.0461344718933105,1.0461344718933105
2025-02-26,1.0524100065231323,1.0524100065231323
2025-02-27,1.0488777160644531,1.0488777160644531
2025-02-28,1.039511799812317,1.039511799812317
2025-03-03,1.0413846969604492,1.0413846969604492
2025-03-04,1.0485037565231323,1.0485037565231323
2025-03-05,1.062699317932129,1.062699317932129
2025-03-06,1.0794938802719116,1.0794938802719116
2025-03-07,1.0787951946258545,1.0787951946258545
2025-03-10,1.086059331893921,1.086059331893921
2025-03-11,1.0839403867721558,1.0839403867721558
2025-03-12,1.0914170742034912,1.0914170742034912
2025-03-13,1.0886249542236328,1.0886249542236328
2025-03-14,1.085564136505127,1.085564136505127
2025-03-17,1.0881274938583374,1.0881274938583374
2025-03-18,1.091917634010315,1.091917634010315
2025-03-19,1.093948245048523,1.093948245048523
2025-03-20,1.0911908149719238,1.0911908149719238
2025-03-21,1.0856702327728271,1.0856702327728271
2025-03-24,1.0835762023925781,1.0835762023925781
2025-03-25,1.0803569555282593,1.0803569555282593
2025-03-26,1.0787487030029297,1.0787487030029297
2025-03-27,1.0742061138153076,1.0742061138153076
2025-03-28,1.080100178718567,1.080100178718567
2025-03-31,1.082391619682312,1.082391619682312
2025-04-01,1.0818880796432495,1.0818880796432495
2025-04-02,1.0795987844467163,1.0795987844467163
2025-04-03,1.090869426727295,1.090869426727295
2025-04-04,1.1043744087219238,1.1043744087219238
2025-04-07,1.098454475402832,1.098454475402832
2025-04-08,1.0915361642837524,1.0915361642837524
2025-04-09,1.0980443954467773,1.0980443954467773
2025-04-10,1.0952062606811523,1.0952062606811523
2025-04-11,1.1257838010787964,1.1257838010787964
2025-04-14,1.1343141794204712,1.1343141794204712
2025-04-15,1.1339668035507202,1.1339668035507202
2025-04-16,1.1292672157287598,1.1292672157287598
2025-04-17,1.1396790742874146,1.1396790742874146
2025-04-22,1.1512778997421265,1.1512778997421265
2025-04-23,1.1351252794265747,1.1351252794265747
2025-04-24,1.132733702659607,1.132733702659607
2025-04-25,1.1371906995773315,1.1371906995773315
2025-04-28,1.1343141794204712,1.1343141794204712
2025-04-29,1.1409143209457397,1.1409143209457397
2025-04-30,1.1389262676239014,1.1389262676239014
2025-05-01,1.1324899196624756,1.1324899196624756
2025-05-02,1.1296498775482178,1.1296498775482178
2025-05-05,1.1323232650756836,1.1323232650756836
2025-05-06,1.1313369274139404,1.1313369274139404
2025-05-07,1.1342755556106567,1.1342755556106567
2025-05-08,1.1306205987930298,1.1306205987930298
2025-05-09,1.122422695159912,1.122422695159912
2025-05-12,1.12296462059021,1.12296462059021
2025-05-13,1.1095577478408813,1.1095577478408813
2025-05-14,1.1185556650161743,1.1185556650161743
2025-05-15,1.1181930303573608,1.1181930303573608
2025-05-16,1.1193194389343262,1.1166945695877075
